No,Username,YouTube URL
1,109_ai,https://youtu.be/sW3IQrGLpxw?si=L_BjmPo9ffuF9QVP
2,a_i_system,https://youtu.be/8iCWJitF0PE?si=fV4NMZCMdqRTFzTU
3,a_r_moodvibes,https://youtu.be/HTi1FM8cbwI?si=98EiiOQU6YHd0fu3
4,acsure_music,https://youtu.be/T_O3-Da20Ew?si=-cfL44tsG-n-mm0C
5,african_music_2026,https://youtu.be/wtCSMA8mgkQ?si=jBV6yKM-RG_6uaQc
6,ai_chill_drive,https://youtu.be/HSwbQtjtkxg?si=tWeildcTMk-dN_o6
7,ai_disco_music,https://youtu.be/gCKhHgdZVFo?si=8xXSeturcSaWdq7b
8,ai_music,https://youtu.be/in5IMGlGm8o?si=l2L8NZtRgfY1Yokg
9,aileen,https://youtu.be/KWtwxlWgfRc?si=WHzNmL2kpqFw_03A
10,ailter,https://youtu.be/U79hLMKV8Dg?si=laydWPd6oOkwQcRA
11,allgroundmusic,https://youtu.be/RudhvkKEx_s?si=AJMqac5plEdBjT02
12,arabic_music_dance,https://youtu.be/HrN9ONThCbo?si=8AEEvraYAtSJaO7e
13,artdproductions,https://youtu.be/QXcDajWcFC8?si=7HDIID2guy_BJA10
14,asha_s_ai_art_music,https://youtu.be/gSxRoniG_DA?si=P9F_AzfH6A8KDsN_
15,big_yak,https://youtu.be/a-l_bLNpKX8?si=hyBs9CIAk_0cUphE
16,breaking_rust,https://youtu.be/LjsY7Tjanzw?si=IGk8ZaIcCnN5yjgV
17,candlelight_ballads,https://youtu.be/C3cgBUEcqLE?si=s5zoOJQ3aK8fArCM
18,carl_brooks_aka_detroit_love,https://youtu.be/whqEl6TNsAM?si=GxQ_UXyXPnYk_ucC
19,chris_unlocks_ai,https://youtu.be/3A8xIdm1ry0?si=hsLZep8a2t9P-GaE
20,cinema_frame,https://youtu.be/BdB2f7h57yw?si=EQgw6VP1CDKWYlNO
21,cobaltblue9,https://youtu.be/UjL392zuOJ8?si=FYe_oMsgAbNc9NV-
22,cobaltblue_studio_film,https://youtu.be/BYK-NY7x8Wo?si=GzfBe_khE-gr8i-0
23,cobihouse,https://youtu.be/GJZ59qqGt2s?si=5u7BlxWvIcnjFWOY
24,coco_ai_creator,https://youtu.be/uZGW9ngco8U?si=IecB5QaYfmz-llui
25,coolwave_collective,https://youtu.be/DxpA47byUS4?si=jBw_Dbs1fxO999lk
26,creator,https://youtu.be/S-k9izm3SIA?si=TAFr1A27yBg10hcy
27,crimson_velentine_studio,https://youtu.be/HlgAOTfvfu0?si=ClbVuZIZxdBYQi7_
28,culture_love,https://youtu.be/_xI5shqQBq8?si=st3mdf3LSziH1Mk9
29,digim,https://youtu.be/TI372A0DvAw?si=7fzfTH5fF4ZhRZ5G
30,divineverseai,https://youtu.be/DbleIAvmu0w?si=joYa6g1H9xNDIXUn
31,dreamtone_studio,https://youtu.be/suqSTm9mrHc?si=R1xPNrgsZxPoji01
32,elexya,https://youtu.be/K7uZHVkehQg?si=TfptknwO2OXfvjdO
33,eztunesstudios,https://youtu.be/82rXvmekcUI?si=l6zPNRINesuiSqlX
34,f_s_ai,https://youtu.be/8Gdq27-et4A?si=u-jcSfZoqnoZxiow
35,faith_displayed,https://youtu.be/oL_fvdEWuew?si=8HlhPHXXpUVKDDjU
36,fanama_music,https://youtu.be/K_HHvdKtTqg?si=y1BVC7mCPxtboLDB
37,funky_blues_ai,https://youtu.be/DdvE1wdoQpQ?si=7z3YbfceRP767GZ8
38,gievalhype,https://youtu.be/QfpRg0HUPgI?si=r44Cl6E_c4RLaXp7
39,gilbert_ramos,https://youtu.be/_BQ6lUaUG8g?si=uo2JnYmsUYxxV27l
40,grandfather_of_reggae,https://youtu.be/NVmn6J-EeHY?si=MHGa-pzG1iNRzOHY
41,harmonysoundsai,https://youtu.be/gC4tcSI2lgU?si=L8RSSD-iVc0-hQAA
42,holobeatz,https://youtu.be/MHSTkbJnqU8?si=CC78JlJypBZtyn8u
43,itz_saintazmo_nation,https://youtu.be/AeRNBw7HmWQ?si=jCKD8vgPV1uE_r1J
44,jp_pax,https://youtu.be/phv_5HUQ0uA?si=1oGoPNjmHzAybm3M
45,k_ai_music,https://youtu.be/t1S4Hfontkg?si=S6-QsXirqS5P4rBW
46,kelly_boesch_ai_art,https://youtu.be/GnDConVF998?si=Stkr04IbdbxNFGtW
47,libertyforgerecords,https://youtu.be/AVRhXUlFCDE?si=_E3DYB5-w2Enwmn_
48,lofi_girl,https://youtu.be/vfnZt36n2VM?si=6NIyvCpJ__SPfa94
49,lofiq,https://youtu.be/G-4GR64324E?si=PovT0ofMZCMViCQ8
50,lost_in_paradise,https://youtu.be/v4G2K5wqcVE?si=JxM01sArdOPy43FP
51,luis_nomad,https://youtu.be/1LluOSrlkKc?si=QlmdAKc7MrNgg4r6
52,lyla_vibe,https://youtu.be/sDhnlkPZ2-I?si=S1VVm-8fyB5g3VGk
53,m_sica,https://youtu.be/CmuBNg1Uzzk?si=zx6QAR7F5jEnMBTR
54,mario_nicola_misino,https://youtu.be/N6GgBq1NAoA?si=I5cJK_3DslPWaUjA
55,mediamironi,https://youtu.be/gbcODJw0niA?si=WYcx9ModSq4Enh_S
56,min_soo,https://youtu.be/NhHAzR3gZlk?si=q7mNFjaJleRwUPMy
57,mkastro,https://youtu.be/krQZqQIrFiw?si=iedB4I8d-KJWdTfw
58,mora_music,https://youtu.be/OYbRpgGwLrE?si=yg5zCHIr6MPNoHre
59,musicuniverse777,https://youtu.be/Mj1j_SSh0xM?si=TsOHY8dEmAJVp44C
60,neon_deep,https://youtu.be/Z_jpGuaMIJ4?si=5cJTe6ZNr8KqDdj0
61,novasound_records,https://youtu.be/eLYgiqGnsxc?si=Y6IOKWhgzZRItGAX
62,novawave_music,https://youtu.be/EeULvqkLCqs?si=gNgQWpOIFSaXWknQ
63,nu_raidio,https://youtu.be/BBO2WcMQJcI?si=lwQ1RK_2_QRTg1xh
64,one_word_harmony,https://youtu.be/nQGYESdLOKs?si=JSY_ptoP9ObkvLX9
65,oneeightseven_music,https://youtu.be/iZzavdVjOkY?si=OlReA6XmufH-afBB
66,popomastar,https://youtu.be/6H8aezY-zUk?si=T_OexDJm_OAXKjTB
67,purewave_melodies,https://youtu.be/Ue7rT1jubOE?si=zdrpULXt9p4jnBvO
68,raven_s_mourning,https://youtu.be/cWZ4gsAT10w?si=EkqxjWHu5gB3al3g
69,reverecord,https://youtu.be/b5Bjsi52zuw?si=1II0NWsRndUlN3cK
70,rhythms_of_hasan,https://youtu.be/UdjJA3pznDM?si=IO5mTqJxJc6zE0vU
71,roboblues,https://youtu.be/RavqJ1rqJsk?si=wb6dtMfNMi28CV77
72,rock_ai_roll,https://youtu.be/rKnt_5UFLOw?si=aBRk_FjckxudARfy
73,sabian_splash,https://youtu.be/-36hidCX3NU?si=bFL4xHcZp9up4wOp
74,santos,https://youtu.be/cbxdJjKTAeQ?si=oRj_td5r6wUNzEj_
75,scordalus,https://youtu.be/Jg_xODOIdko?si=0aiB1VnZz6vpF8Sl
76,shadows_light_ai,https://youtu.be/acUcWTSEbTs?si=lDta1g2HXq_XsgUu
77,shinsoman,https://youtu.be/Mv0IXYaSPKE?si=3mVQtL9fl5pg0x1W
78,sky_lens,https://youtu.be/_6CgG_8bEj4?si=4JsJ_JuYvdePEmYm
79,sonic_sensation,https://youtu.be/-L-1JKa5BBY?si=sM5L2tjK87JEA-gT
80,soulful_chill_lounge,https://youtu.be/W4ChEeKDaBw?si=FSKq8KIhURfXxdsK
81,soundyxi,https://youtu.be/tXtAAAgm2bQ?si=_3E7XjinzVjbfow-
82,steve_finch_ai,https://youtu.be/ySQmHsQFods?si=Md3SDZiS4Q3f6h7k
83,surreal_ai,https://youtu.be/489aPjQbAgk?si=Ihy5uWqB46McNlGT
84,synthetic_flow,https://youtu.be/183jXV9y2Kw?si=jpwdSnlbe4c7ebee
85,telvia_ai,https://youtu.be/0VBLx7N_exY?si=k1zCLVEdOw6BLQP6
86,the_ai_country_station,https://youtu.be/uYnzOVIMvJs?si=UkN2dohkurlZ1K_K
87,the_ai_muse,https://youtu.be/QzNJdxRnw_E?si=VyolmubgxLLXl2Lv
88,theakyr,https://youtu.be/VHFeO1kUEn4?si=kS3kkNTN8lG0A6jD
89,tune_tadka_taste_of_mind,https://youtu.be/9YiuYyafZIk?si=DvYge1KCu78lwhj0
90,valhalla,https://youtu.be/XTmZzqsqoQY?si=quT-5r41tK05euU3
91,vibecraft_music_studio,https://youtu.be/kd6I1HSEEa8?si=Ka-UIEsN0bhSH9dU
92,yenra,https://youtu.be/V7mYfF0DgwU?si=Z3Ih5cUHvDwuzSD4
93,zazu,https://youtu.be/2dFimdRPxfY?si=cAWszR7ehHDkMCh9
94,zenith_apex,https://youtu.be/CN7Bd8x_eoU?si=WCmyBG5TCogJa43i
