No,Username,Profile URL
1,109_ai,https://nex-project-production.up.railway.app/profile/109_ai
2,a_i_system,https://nex-project-production.up.railway.app/profile/a_i_system
3,a_r_moodvibes,https://nex-project-production.up.railway.app/profile/a_r_moodvibes
4,acsure_music,https://nex-project-production.up.railway.app/profile/acsure_music
5,african_music_2026,https://nex-project-production.up.railway.app/profile/african_music_2026
6,ai_chill_drive,https://nex-project-production.up.railway.app/profile/ai_chill_drive
7,ai_disco_music,https://nex-project-production.up.railway.app/profile/ai_disco_music
8,ai_music,https://nex-project-production.up.railway.app/profile/ai_music
9,aileen,https://nex-project-production.up.railway.app/profile/aileen
10,ailter,https://nex-project-production.up.railway.app/profile/ailter
11,allgroundmusic,https://nex-project-production.up.railway.app/profile/allgroundmusic
12,arabic_music_dance,https://nex-project-production.up.railway.app/profile/arabic_music_dance
13,artdproductions,https://nex-project-production.up.railway.app/profile/artdproductions
14,asha_s_ai_art_music,https://nex-project-production.up.railway.app/profile/asha_s_ai_art_music
15,big_yak,https://nex-project-production.up.railway.app/profile/big_yak
16,breaking_rust,https://nex-project-production.up.railway.app/profile/breaking_rust
17,candlelight_ballads,https://nex-project-production.up.railway.app/profile/candlelight_ballads
18,carl_brooks_aka_detroit_love,https://nex-project-production.up.railway.app/profile/carl_brooks_aka_detroit_love
19,chris_unlocks_ai,https://nex-project-production.up.railway.app/profile/chris_unlocks_ai
20,cinema_frame,https://nex-project-production.up.railway.app/profile/cinema_frame
21,cobaltblue9,https://nex-project-production.up.railway.app/profile/cobaltblue9
22,cobaltblue_studio_film,https://nex-project-production.up.railway.app/profile/cobaltblue_studio_film
23,cobihouse,https://nex-project-production.up.railway.app/profile/cobihouse
24,coco_ai_creator,https://nex-project-production.up.railway.app/profile/coco_ai_creator
25,coolwave_collective,https://nex-project-production.up.railway.app/profile/coolwave_collective
26,creator,https://nex-project-production.up.railway.app/profile/creator
27,crimson_velentine_studio,https://nex-project-production.up.railway.app/profile/crimson_velentine_studio
28,culture_love,https://nex-project-production.up.railway.app/profile/culture_love
29,digim,https://nex-project-production.up.railway.app/profile/digim
30,divineverseai,https://nex-project-production.up.railway.app/profile/divineverseai
31,dreamtone_studio,https://nex-project-production.up.railway.app/profile/dreamtone_studio
32,elexya,https://nex-project-production.up.railway.app/profile/elexya
33,eztunesstudios,https://nex-project-production.up.railway.app/profile/eztunesstudios
34,f_s_ai,https://nex-project-production.up.railway.app/profile/f_s_ai
35,faith_displayed,https://nex-project-production.up.railway.app/profile/faith_displayed
36,fanama_music,https://nex-project-production.up.railway.app/profile/fanama_music
37,funky_blues_ai,https://nex-project-production.up.railway.app/profile/funky_blues_ai
38,gievalhype,https://nex-project-production.up.railway.app/profile/gievalhype
39,gilbert_ramos,https://nex-project-production.up.railway.app/profile/gilbert_ramos
40,grandfather_of_reggae,https://nex-project-production.up.railway.app/profile/grandfather_of_reggae
41,harmonysoundsai,https://nex-project-production.up.railway.app/profile/harmonysoundsai
42,holobeatz,https://nex-project-production.up.railway.app/profile/holobeatz
43,itz_saintazmo_nation,https://nex-project-production.up.railway.app/profile/itz_saintazmo_nation
44,jp_pax,https://nex-project-production.up.railway.app/profile/jp_pax
45,k_ai_music,https://nex-project-production.up.railway.app/profile/k_ai_music
46,kelly_boesch_ai_art,https://nex-project-production.up.railway.app/profile/kelly_boesch_ai_art
47,libertyforgerecords,https://nex-project-production.up.railway.app/profile/libertyforgerecords
48,lofi_girl,https://nex-project-production.up.railway.app/profile/lofi_girl
49,lofiq,https://nex-project-production.up.railway.app/profile/lofiq
50,lost_in_paradise,https://nex-project-production.up.railway.app/profile/lost_in_paradise
51,luis_nomad,https://nex-project-production.up.railway.app/profile/luis_nomad
52,lyla_vibe,https://nex-project-production.up.railway.app/profile/lyla_vibe
53,m_sica,https://nex-project-production.up.railway.app/profile/m_sica
54,mario_nicola_misino,https://nex-project-production.up.railway.app/profile/mario_nicola_misino
55,mediamironi,https://nex-project-production.up.railway.app/profile/mediamironi
56,min_soo,https://nex-project-production.up.railway.app/profile/min_soo
57,mkastro,https://nex-project-production.up.railway.app/profile/mkastro
58,mora_music,https://nex-project-production.up.railway.app/profile/mora_music
59,musicuniverse777,https://nex-project-production.up.railway.app/profile/musicuniverse777
60,neon_deep,https://nex-project-production.up.railway.app/profile/neon_deep
61,novasound_records,https://nex-project-production.up.railway.app/profile/novasound_records
62,novawave_music,https://nex-project-production.up.railway.app/profile/novawave_music
63,nu_raidio,https://nex-project-production.up.railway.app/profile/nu_raidio
64,one_word_harmony,https://nex-project-production.up.railway.app/profile/one_word_harmony
65,oneeightseven_music,https://nex-project-production.up.railway.app/profile/oneeightseven_music
66,popomastar,https://nex-project-production.up.railway.app/profile/popomastar
67,purewave_melodies,https://nex-project-production.up.railway.app/profile/purewave_melodies
68,raven_s_mourning,https://nex-project-production.up.railway.app/profile/raven_s_mourning
69,reverecord,https://nex-project-production.up.railway.app/profile/reverecord
70,rhythms_of_hasan,https://nex-project-production.up.railway.app/profile/rhythms_of_hasan
71,roboblues,https://nex-project-production.up.railway.app/profile/roboblues
72,rock_ai_roll,https://nex-project-production.up.railway.app/profile/rock_ai_roll
73,sabian_splash,https://nex-project-production.up.railway.app/profile/sabian_splash
74,santos,https://nex-project-production.up.railway.app/profile/santos
75,scordalus,https://nex-project-production.up.railway.app/profile/scordalus
76,shadows_light_ai,https://nex-project-production.up.railway.app/profile/shadows_light_ai
77,shinsoman,https://nex-project-production.up.railway.app/profile/shinsoman
78,sky_lens,https://nex-project-production.up.railway.app/profile/sky_lens
79,sonic_sensation,https://nex-project-production.up.railway.app/profile/sonic_sensation
80,soulful_chill_lounge,https://nex-project-production.up.railway.app/profile/soulful_chill_lounge
81,soundyxi,https://nex-project-production.up.railway.app/profile/soundyxi
82,steve_finch_ai,https://nex-project-production.up.railway.app/profile/steve_finch_ai
83,surreal_ai,https://nex-project-production.up.railway.app/profile/surreal_ai
84,synthetic_flow,https://nex-project-production.up.railway.app/profile/synthetic_flow
85,telvia_ai,https://nex-project-production.up.railway.app/profile/telvia_ai
86,the_ai_country_station,https://nex-project-production.up.railway.app/profile/the_ai_country_station
87,the_ai_muse,https://nex-project-production.up.railway.app/profile/the_ai_muse
88,theakyr,https://nex-project-production.up.railway.app/profile/theakyr
89,tune_tadka_taste_of_mind,https://nex-project-production.up.railway.app/profile/tune_tadka_taste_of_mind
90,valhalla,https://nex-project-production.up.railway.app/profile/valhalla
91,vibecraft_music_studio,https://nex-project-production.up.railway.app/profile/vibecraft_music_studio
92,yenra,https://nex-project-production.up.railway.app/profile/yenra
93,zazu,https://nex-project-production.up.railway.app/profile/zazu
94,zenith_apex,https://nex-project-production.up.railway.app/profile/zenith_apex
